<?xml version="1.0" encoding="utf-8"?><!-- Copyright (c) Microsoft Corporation.  All rights reserved. --><GroupPolicyBackupScheme bkp:version="2.0" bkp:type="GroupPolicyBackupTemplate" xmlns:bkp="http://www.microsoft.com/GroupPolicy/GPOOperations" xmlns="http://www.microsoft.com/GroupPolicy/GPOOperations">
    <GroupPolicyObject><SecurityGroups><Group bkp:Source="FromDACL"><Sid><![CDATA[S-1-5-21-62873138-952134442-114579206-519]]></Sid><SamAccountName><![CDATA[Enterprise Admins]]></SamAccountName><Type><![CDATA[UniversalGroup]]></Type><NetBIOSDomainName><![CDATA[SFCVB]]></NetBIOSDomainName><DnsDomainName><![CDATA[sfcvb.lan]]></DnsDomainName><UPN><![CDATA[Enterprise Admins@sfcvb.lan]]></UPN></Group><Group bkp:Source="FromDACL"><Sid><![CDATA[S-1-5-21-62873138-952134442-114579206-512]]></Sid><SamAccountName><![CDATA[Domain Admins]]></SamAccountName><Type><![CDATA[GlobalGroup]]></Type><NetBIOSDomainName><![CDATA[SFCVB]]></NetBIOSDomainName><DnsDomainName><![CDATA[sfcvb.lan]]></DnsDomainName><UPN><![CDATA[Domain Admins@sfcvb.lan]]></UPN></Group></SecurityGroups><FilePaths/><GroupPolicyCoreSettings><ID><![CDATA[{8E402E91-B38A-4782-ABD6-166531C0FC64}]]></ID><Domain><![CDATA[sfcvb.lan]]></Domain><SecurityDescriptor>01 00 04 9c 00 00 00 00 00 00 00 00 00 00 00 00 14 00 00 00 04 00 ec 00 08 00 00 00 05 02 28 00 00 01 00 00 01 00 00 00 8f fd ac ed b3 ff d1 11 b4 1d 00 a0 c9 68 f9 39 01 01 00 00 00 00 00 05 0b 00 00 00 00 00 24 00 ff 00 0f 00 01 05 00 00 00 00 00 05 15 00 00 00 32 5e bf 03 2a 6b c0 38 06 57 d4 06 00 02 00 00 00 02 24 00 ff 00 0f 00 01 05 00 00 00 00 00 05 15 00 00 00 32 5e bf 03 2a 6b c0 38 06 57 d4 06 00 02 00 00 00 02 24 00 ff 00 0f 00 01 05 00 00 00 00 00 05 15 00 00 00 32 5e bf 03 2a 6b c0 38 06 57 d4 06 07 02 00 00 00 02 14 00 94 00 02 00 01 01 00 00 00 00 00 05 09 00 00 00 00 02 14 00 94 00 02 00 01 01 00 00 00 00 00 05 0b 00 00 00 00 02 14 00 ff 00 0f 00 01 01 00 00 00 00 00 05 12 00 00 00 00 0a 14 00 ff 00 0f 00 01 01 00 00 00 00 00 03 00 00 00 00</SecurityDescriptor><DisplayName><![CDATA[AVD FSLogix Profile Management]]></DisplayName><Options><![CDATA[0]]></Options><UserVersionNumber><![CDATA[65537]]></UserVersionNumber><MachineVersionNumber><![CDATA[262148]]></MachineVersionNumber><MachineExtensionGuids><![CDATA[[{35378EAC-683F-11D2-A89A-00C04FBBCFA2}{D02B1F72-3407-48AE-BA88-E8213C6761F1}]]]></MachineExtensionGuids><UserExtensionGuids><![CDATA[[{35378EAC-683F-11D2-A89A-00C04FBBCFA2}{D02B1F73-3407-48AE-BA88-E8213C6761F1}]]]></UserExtensionGuids><WMIFilter/></GroupPolicyCoreSettings> 
        <GroupPolicyExtension bkp:ID="{35378EAC-683F-11D2-A89A-00C04FBBCFA2}" bkp:DescName="Registry">
            <FSObjectFile bkp:Path="%GPO_MACH_FSPATH%\registry.pol" bkp:SourceExpandedPath="\\vm-DC-Prod-01.sfcvb.lan\sysvol\sfcvb.lan\Policies\{8E402E91-B38A-4782-ABD6-166531C0FC64}\Machine\registry.pol" bkp:Location="DomainSysvol\GPO\Machine\registry.pol"/>
            <FSObjectFile bkp:Path="%GPO_USER_FSPATH%\registry.pol" bkp:SourceExpandedPath="\\vm-DC-Prod-01.sfcvb.lan\sysvol\sfcvb.lan\Policies\{8E402E91-B38A-4782-ABD6-166531C0FC64}\User\registry.pol" bkp:Location="DomainSysvol\GPO\User\registry.pol"/>
            <FSObjectFile bkp:Path="%GPO_FSPATH%\Adm\*.*" bkp:SourceExpandedPath="\\vm-DC-Prod-01.sfcvb.lan\sysvol\sfcvb.lan\Policies\{8E402E91-B38A-4782-ABD6-166531C0FC64}\Adm\*.*"/>
        </GroupPolicyExtension>
        
        
        
        
        
        
        
        
        
    <GroupPolicyExtension bkp:ID="{F15C46CD-82A0-4C2D-A210-5D0D3182A418}" bkp:DescName="Unknown Extension"><FSObjectDir bkp:Path="%GPO_MACH_FSPATH%\Applications" bkp:SourceExpandedPath="\\vm-DC-Prod-01.sfcvb.lan\sysvol\sfcvb.lan\Policies\{8E402E91-B38A-4782-ABD6-166531C0FC64}\Machine\Applications" bkp:Location="DomainSysvol\GPO\Machine\Applications"/><FSObjectFile bkp:Path="%GPO_MACH_FSPATH%\comment.cmtx" bkp:SourceExpandedPath="\\vm-DC-Prod-01.sfcvb.lan\sysvol\sfcvb.lan\Policies\{8E402E91-B38A-4782-ABD6-166531C0FC64}\Machine\comment.cmtx" bkp:Location="DomainSysvol\GPO\Machine\comment.cmtx"/><FSObjectDir bkp:Path="%GPO_MACH_FSPATH%\Microsoft" bkp:SourceExpandedPath="\\vm-DC-Prod-01.sfcvb.lan\sysvol\sfcvb.lan\Policies\{8E402E91-B38A-4782-ABD6-166531C0FC64}\Machine\Microsoft" bkp:Location="DomainSysvol\GPO\Machine\Microsoft"/><FSObjectDir bkp:Path="%GPO_MACH_FSPATH%\Microsoft\Windows NT" bkp:SourceExpandedPath="\\vm-DC-Prod-01.sfcvb.lan\sysvol\sfcvb.lan\Policies\{8E402E91-B38A-4782-ABD6-166531C0FC64}\Machine\Microsoft\Windows NT" bkp:Location="DomainSysvol\GPO\Machine\Microsoft\Windows NT"/><FSObjectDir bkp:Path="%GPO_MACH_FSPATH%\Microsoft\Windows NT\SecEdit" bkp:SourceExpandedPath="\\vm-DC-Prod-01.sfcvb.lan\sysvol\sfcvb.lan\Policies\{8E402E91-B38A-4782-ABD6-166531C0FC64}\Machine\Microsoft\Windows NT\SecEdit" bkp:Location="DomainSysvol\GPO\Machine\Microsoft\Windows NT\SecEdit"/><FSObjectFile bkp:Path="%GPO_MACH_FSPATH%\Microsoft\Windows NT\SecEdit\GptTmpl.inf" bkp:SourceExpandedPath="\\vm-DC-Prod-01.sfcvb.lan\sysvol\sfcvb.lan\Policies\{8E402E91-B38A-4782-ABD6-166531C0FC64}\Machine\Microsoft\Windows NT\SecEdit\GptTmpl.inf" bkp:Location="DomainSysvol\GPO\Machine\Microsoft\Windows NT\SecEdit\GptTmpl.inf"/><FSObjectDir bkp:Path="%GPO_MACH_FSPATH%\Scripts" bkp:SourceExpandedPath="\\vm-DC-Prod-01.sfcvb.lan\sysvol\sfcvb.lan\Policies\{8E402E91-B38A-4782-ABD6-166531C0FC64}\Machine\Scripts" bkp:Location="DomainSysvol\GPO\Machine\Scripts"/><FSObjectDir bkp:Path="%GPO_MACH_FSPATH%\Scripts\Shutdown" bkp:SourceExpandedPath="\\vm-DC-Prod-01.sfcvb.lan\sysvol\sfcvb.lan\Policies\{8E402E91-B38A-4782-ABD6-166531C0FC64}\Machine\Scripts\Shutdown" bkp:Location="DomainSysvol\GPO\Machine\Scripts\Shutdown"/><FSObjectDir bkp:Path="%GPO_MACH_FSPATH%\Scripts\Startup" bkp:SourceExpandedPath="\\vm-DC-Prod-01.sfcvb.lan\sysvol\sfcvb.lan\Policies\{8E402E91-B38A-4782-ABD6-166531C0FC64}\Machine\Scripts\Startup" bkp:Location="DomainSysvol\GPO\Machine\Scripts\Startup"/><FSObjectFile bkp:Path="%GPO_USER_FSPATH%\comment.cmtx" bkp:SourceExpandedPath="\\vm-DC-Prod-01.sfcvb.lan\sysvol\sfcvb.lan\Policies\{8E402E91-B38A-4782-ABD6-166531C0FC64}\User\comment.cmtx" bkp:Location="DomainSysvol\GPO\User\comment.cmtx"/><FSObjectDir bkp:Path="%GPO_USER_FSPATH%\Documents &amp; Settings" bkp:SourceExpandedPath="\\vm-DC-Prod-01.sfcvb.lan\sysvol\sfcvb.lan\Policies\{8E402E91-B38A-4782-ABD6-166531C0FC64}\User\Documents &amp; Settings" bkp:Location="DomainSysvol\GPO\User\Documents &amp; Settings"/><FSObjectDir bkp:Path="%GPO_USER_FSPATH%\Scripts" bkp:SourceExpandedPath="\\vm-DC-Prod-01.sfcvb.lan\sysvol\sfcvb.lan\Policies\{8E402E91-B38A-4782-ABD6-166531C0FC64}\User\Scripts" bkp:Location="DomainSysvol\GPO\User\Scripts"/><FSObjectDir bkp:Path="%GPO_USER_FSPATH%\Scripts\Logoff" bkp:SourceExpandedPath="\\vm-DC-Prod-01.sfcvb.lan\sysvol\sfcvb.lan\Policies\{8E402E91-B38A-4782-ABD6-166531C0FC64}\User\Scripts\Logoff" bkp:Location="DomainSysvol\GPO\User\Scripts\Logoff"/><FSObjectDir bkp:Path="%GPO_USER_FSPATH%\Scripts\Logon" bkp:SourceExpandedPath="\\vm-DC-Prod-01.sfcvb.lan\sysvol\sfcvb.lan\Policies\{8E402E91-B38A-4782-ABD6-166531C0FC64}\User\Scripts\Logon" bkp:Location="DomainSysvol\GPO\User\Scripts\Logon"/></GroupPolicyExtension></GroupPolicyObject>
</GroupPolicyBackupScheme>