<BackupInst xmlns="http://www.microsoft.com/GroupPolicy/GPOOperations/Manifest"><GPOGuid><![CDATA[{8E402E91-B38A-4782-ABD6-166531C0FC64}]]></GPOGuid><GPODomain><![CDATA[sfcvb.lan]]></GPODomain><GPODomainGuid><![CDATA[{90cd239e-7475-4b7f-bd71-1754173b9016}]]></GPODomainGuid><GPODomainController><![CDATA[vm-DC-Prod-01.sfcvb.lan]]></GPODomainController><BackupTime><![CDATA[2022-06-29T19:04:40]]></BackupTime><ID><![CDATA[{32577542-FF5E-496E-A1FF-7C841B2B1571}]]></ID><Comment><![CDATA[AVD-FSLogix-Profile-Management]]></Comment><GPODisplayName><![CDATA[AVD FSLogix Profile Management]]></GPODisplayName></BackupInst>
